3	Aaron Katz	http://dbpedia.org/resource/Aaron_Katz_(filmmaker)
4	Aaron Schneider	http://dbpedia.org/resource/Aaron_Schneider
5	Abbas Kiarostami	http://dbpedia.org/resource/Abbas_Kiarostami
6	Adam Elliot	http://dbpedia.org/resource/Adam_Elliot
7	Adam Goldberg	http://dbpedia.org/resource/Adam_Goldberg
8	Adam Green	http://dbpedia.org/resource/Adam_Green_(musician)
9	Adam McKay	http://dbpedia.org/resource/Adam_McKay
10	Adam Shankman	http://dbpedia.org/resource/Adam_Shankman
11	Adam Weissman	http://dbpedia.org/resource/Adam_Weissman
14	Adrian Lyne	http://dbpedia.org/resource/Adrian_Lyne
15	Agnieszka Wojtowicz-Vosloo	http://dbpedia.org/resource/Agnieszka_Wojtowicz-Vosloo
17	Alan Parker	http://dbpedia.org/resource/Alan_Parker
18	Albert Dupontel	http://dbpedia.org/resource/Albert_Dupontel
19	Albert Hughes	http://dbpedia.org/resource/Albert_Hughes_(bishop)
23	Alex Proyas	http://dbpedia.org/resource/Alex_Proyas
24	Alex Ross Perry	http://dbpedia.org/resource/Alex_Ross_Perry
25	Alexander Payne	http://dbpedia.org/resource/Alexander_Payne
26	Alexander Witt	http://dbpedia.org/resource/Alexander_Witt
27	Alexandre Aja	http://dbpedia.org/resource/Alexandre_Aja
28	Alfonso Arau	http://dbpedia.org/resource/Alfonso_Arau
30	Alfred Hitchcock	http://dbpedia.org/resource/Alfred_Hitchcock
31	Allan Moyle	http://dbpedia.org/resource/Allan_Moyle
32	Allen Coulter	http://dbpedia.org/resource/Allen_Coulter
33	Amy Heckerling	http://dbpedia.org/resource/Amy_Heckerling
34	Anatole Litvak	http://dbpedia.org/resource/Anatole_Litvak
35	Andrea Arnold	http://dbpedia.org/resource/Andrea_Arnold
36	Andrei Konchalovsky	http://dbpedia.org/resource/Andrei_Konchalovsky
37	Andrew Adamson	http://dbpedia.org/resource/Andrew_Adamson
38	Andrew Lau	http://dbpedia.org/resource/Andrew_Lau
39	Andrew Niccol	http://dbpedia.org/resource/Andrew_Niccol
41	Andrew Stanton	http://dbpedia.org/resource/Andrew_Stanton
42	Andrzej Bartkowiak	http://dbpedia.org/resource/Andrzej_Bartkowiak
43	Andy Fickman	http://dbpedia.org/resource/Andy_Fickman
44	Andy Hay	http://dbpedia.org/resource/Andy_Hay
45	Andy Sidaris	http://dbpedia.org/resource/Andy_Sidaris
46	Andy Tennant	http://dbpedia.org/resource/Andy_Tennant
48	Ang Lee	http://dbpedia.org/resource/Ang_Lee
49	Angel Gracia	http://dbpedia.org/resource/Angel_Gracia
50	Anna Boden	http://dbpedia.org/resource/Anna_Boden
51	Anne Fletcher	http://dbpedia.org/resource/Anne_Fletcher
52	Anthony Minghella	http://dbpedia.org/resource/Anthony_Minghella
53	Antoine Fuqua	http://dbpedia.org/resource/Antoine_Fuqua
54	Antonia Bird	http://dbpedia.org/resource/Antonia_Bird
56	Armando Iannucci	http://dbpedia.org/resource/Armando_Iannucci
58	Arthur Hiller	http://dbpedia.org/resource/Arthur_Hiller
59	Arthur Penn	http://dbpedia.org/resource/Arthur_Penn
61	Asghar Farhadi	http://dbpedia.org/resource/Asghar_Farhadi
63	Asif Kapadia	http://dbpedia.org/resource/Asif_Kapadia
64	Atom Egoyan	http://dbpedia.org/resource/Atom_Egoyan
65	Banksy	http://dbpedia.org/resource/Banksy
66	Barry Levinson	http://dbpedia.org/resource/Barry_Levinson
67	Barry Sonnenfeld	http://dbpedia.org/resource/Barry_Sonnenfeld
68	Bart Freundlich	http://dbpedia.org/resource/Bart_Freundlich
69	Beeban Kidron	http://dbpedia.org/resource/Beeban_Kidron
70	Ben Affleck	http://dbpedia.org/resource/Ben_Affleck
71	Ben Stiller	http://dbpedia.org/resource/Ben_Stiller
72	Bennett Miller	http://dbpedia.org/resource/Bennett_Miller
74	Bernard Rose	http://dbpedia.org/resource/Bernard_Rose_(musician)
75	Bernardo Bertolucci	http://dbpedia.org/resource/Bernardo_Bertolucci
77	Bharat Nalluri	http://dbpedia.org/resource/Bharat_Nalluri
78	Bigas Luna	http://dbpedia.org/resource/Bigas_Luna
79	Bill Condon	http://dbpedia.org/resource/Bill_Condon
80	Bille Woodruff	http://dbpedia.org/resource/Bille_Woodruff
81	Billy Wilder	http://dbpedia.org/resource/Billy_Wilder
82	Blake Edwards	http://dbpedia.org/resource/Blake_Edwards
84	Boaz Davidson	http://dbpedia.org/resource/Boaz_Davidson
85	Boaz Yakin	http://dbpedia.org/resource/Boaz_Yakin
86	Bob Gosse	http://dbpedia.org/resource/Bob_Gosse
87	Bob Odenkirk	http://dbpedia.org/resource/Bob_Odenkirk
88	Bob Swaim	http://dbpedia.org/resource/Bob_Swaim
89	Bobcat Goldthwait	http://dbpedia.org/resource/Bobcat_Goldthwait
91	Brad Bird	http://dbpedia.org/resource/Brad_Bird
92	Brad Furman	http://dbpedia.org/resource/Brad_Furman
93	Brad Peyton	http://dbpedia.org/resource/Brad_Peyton
94	Brad Silberling	http://dbpedia.org/resource/Brad_Silberling
96	Brandon Vietti	http://dbpedia.org/resource/Brandon_Vietti
98	Breck Eisner	http://dbpedia.org/resource/Breck_Eisner
99	Brett Ratner	http://dbpedia.org/resource/Brett_Ratner
100	Brian De Palma	http://dbpedia.org/resource/Brian_De_Palma
101	Brothers Strause	http://dbpedia.org/resource/Brothers_Strause
102	Bruce A. Evans	http://dbpedia.org/resource/Bruce_A._Evans
103	Bruce Malmuth	http://dbpedia.org/resource/Bruce_Malmuth
104	Bruce Paltrow	http://dbpedia.org/resource/Bruce_Paltrow
105	Bruce Robinson	http://dbpedia.org/resource/Bruce_Robinson
106	Bryan Singer	http://dbpedia.org/resource/Bryan_Singer
107	Burr Steers	http://dbpedia.org/resource/Burr_Steers
108	Cameron Crowe	http://dbpedia.org/resource/Cameron_Crowe
110	Carl Franklin	http://dbpedia.org/resource/Carl_Franklin
112	Carlos Saldanha	http://dbpedia.org/resource/Carlos_Saldanha
114	Catherine Hardwicke	http://dbpedia.org/resource/Catherine_Hardwicke
115	Charles Ferguson	http://dbpedia.org/resource/Charles_H._Ferguson
116	Charles Palmer	http://dbpedia.org/resource/Charles_Palmer_(judoka)
117	Charles Walters	http://dbpedia.org/resource/Charles_Walters
118	Chris Buck	http://dbpedia.org/resource/Chris_Buck
119	Chris Columbus	http://dbpedia.org/resource/Chris_Columbus_(musician)
120	Chris Gorak	http://dbpedia.org/resource/Chris_Gorak
121	Chris Koch	http://dbpedia.org/resource/Chris_Koch
122	Chris Miller	http://dbpedia.org/resource/Chris_Miller_(animator)
123	Chris Morris	http://dbpedia.org/resource/Chris_Morris_(footballer)
124	Chris Noonan	http://dbpedia.org/resource/Chris_Noonan
125	Chris Paine	http://dbpedia.org/resource/Chris_Paine
126	Chris Sanders	http://dbpedia.org/resource/Chris_Sanders_(musician)
128	Chris Wedge	http://dbpedia.org/resource/Chris_Wedge
129	Chris Weitz	http://dbpedia.org/resource/Chris_Weitz
130	Christian Alvart	http://dbpedia.org/resource/Christian_Alvart
132	Christine Jeffs	http://dbpedia.org/resource/Christine_Jeffs
134	Christophe Barratier	http://dbpedia.org/resource/Christophe_Barratier
135	Christopher Nolan	http://dbpedia.org/resource/Christopher_Nolan
136	Christopher Smith	http://dbpedia.org/resource/Christopher_Smith_(director)
137	Clare Kilner	http://dbpedia.org/resource/Clare_Kilner
138	Clark Gregg	http://dbpedia.org/resource/Clark_Gregg
139	Clint Eastwood	http://dbpedia.org/resource/Clint_Eastwood_(musician)
140	Clyde Geronimi	http://dbpedia.org/resource/Clyde_Geronimi
141	Coky Giedroyc	http://dbpedia.org/resource/Coky_Giedroyc
143	Conrad Vernon	http://dbpedia.org/resource/Conrad_Vernon
145	Curtis Hanson	http://dbpedia.org/resource/Curtis_Hanson
146	D. J. Caruso	http://dbpedia.org/resource/D._J._Caruso
149	Damjan Kozole	http://dbpedia.org/resource/Damjan_Kozole
150	Dan Ireland	http://dbpedia.org/resource/Dan_Ireland
151	Daniel Alfredson	http://dbpedia.org/resource/Daniel_Alfredson
152	Daniel Barber	http://dbpedia.org/resource/Daniel_Barber_(minister)
153	Daniel Barnz	http://dbpedia.org/resource/Daniel_Barnz
155	Daniel Myrick	http://dbpedia.org/resource/Daniel_Myrick
157	Danny Boyle	http://dbpedia.org/resource/Danny_Boyle
158	Danny DeVito	http://dbpedia.org/resource/Danny_DeVito
159	Darren Aronofsky	http://dbpedia.org/resource/Darren_Aronofsky
160	Darren Lynn Bousman	http://dbpedia.org/resource/Darren_Lynn_Bousman
161	David Attwood	http://dbpedia.org/resource/David_Attwood
162	David Bowers	http://dbpedia.org/resource/David_Bowers_(director)
163	David Cronenberg	http://dbpedia.org/resource/David_Cronenberg
164	David Dobkin	http://dbpedia.org/resource/David_Dobkin_(director)
165	David Fincher	http://dbpedia.org/resource/David_Fincher
166	David Foenkinos	http://dbpedia.org/resource/David_Foenkinos
167	David Hackl	http://dbpedia.org/resource/David_Hackl
168	David Kendall	http://dbpedia.org/resource/David_Kendall_(director)
169	David Koepp	http://dbpedia.org/resource/David_Koepp
170	David Lean	http://dbpedia.org/resource/David_Lean
171	David Lynch	http://dbpedia.org/resource/David_Lynch
173	David Nutter	http://dbpedia.org/resource/David_Nutter
174	David O. Russell	http://dbpedia.org/resource/David_O._Russell
175	David R. Ellis	http://dbpedia.org/resource/David_R._Ellis
176	David S. Goyer	http://dbpedia.org/resource/David_S._Goyer
177	David Silverman	http://dbpedia.org/resource/David_Silverman
178	David Slade	http://dbpedia.org/resource/David_Slade
179	David Wain	http://dbpedia.org/resource/David_Wain
180	David Wu	http://dbpedia.org/resource/David_Wu
181	David Yates	http://dbpedia.org/resource/David_Yates
182	David Zucker	http://dbpedia.org/resource/David_Zucker_(filmmaker)
184	Debra Granik	http://dbpedia.org/resource/Debra_Granik
185	Dennie Gordon	http://dbpedia.org/resource/Dennie_Gordon
186	Dennis Dugan	http://dbpedia.org/resource/Dennis_Dugan
187	Dennis Gansel	http://dbpedia.org/resource/Dennis_Gansel
188	Derek Cianfrance	http://dbpedia.org/resource/Derek_Cianfrance
189	Derrick Borte	http://dbpedia.org/resource/Derrick_Borte
190	Diane English	http://dbpedia.org/resource/Diane_English
191	Dick Lowry	http://dbpedia.org/resource/Dick_Lowry
192	Dito Montiel	http://dbpedia.org/resource/Dito_Montiel
194	Dominic Sena	http://dbpedia.org/resource/Dominic_Sena
195	Don Siegel	http://dbpedia.org/resource/Don_Siegel
196	Donald Petrie	http://dbpedia.org/resource/Donald_Petrie
197	Doug Atchison	http://dbpedia.org/resource/Doug_Atchison
198	Doug Liman	http://dbpedia.org/resource/Doug_Liman
199	Duncan Jones	http://dbpedia.org/resource/Duncan_Jones
200	Dwight H. Little	http://dbpedia.org/resource/Dwight_H._Little
201	Edgar Wright	http://dbpedia.org/resource/Edgar_Wright
202	Edward Burns	http://dbpedia.org/resource/Edward_Burns
203	Edward Zwick	http://dbpedia.org/resource/Edward_Zwick
204	Eli Craig	http://dbpedia.org/resource/Eli_Craig
205	Emile Ardolino	http://dbpedia.org/resource/Emile_Ardolino
206	Emir Kusturica	http://dbpedia.org/resource/Emir_Kusturica
207	Eran Riklis	http://dbpedia.org/resource/Eran_Riklis
208	Eric Bress	http://dbpedia.org/resource/Eric_Bress
209	Eric Darnell	http://dbpedia.org/resource/Eric_Darnell
214	Evan Glodell	http://dbpedia.org/resource/Evan_Glodell
215	F. Gary Gray	http://dbpedia.org/resource/F._Gary_Gray
217	Feo Aladag	http://dbpedia.org/resource/Feo_Aladag
218	Fernando Meirelles	http://dbpedia.org/resource/Fernando_Meirelles
220	Florent Emilio Siri	http://dbpedia.org/resource/Florent_Emilio_Siri
221	Florian Henckel von Donnersmarck	http://dbpedia.org/resource/Florian_Henckel_von_Donnersmarck
222	Forest Whitaker	http://dbpedia.org/resource/Forest_Whitaker
224	Francis Ford Coppola	http://dbpedia.org/resource/Francis_Ford_Coppola
225	Francis Lawrence	http://dbpedia.org/resource/Francis_Lawrence
226	Francis Veber	http://dbpedia.org/resource/Francis_Veber
228	Franco Zeffirelli	http://dbpedia.org/resource/Franco_Zeffirelli
230	Frank Coraci	http://dbpedia.org/resource/Frank_Coraci
231	Frank Darabont	http://dbpedia.org/resource/Frank_Darabont
232	Frank Marshall	http://dbpedia.org/resource/Frank_Marshall_(chess_player)
233	Frank Miller	http://dbpedia.org/resource/Frank_Miller_(comics)
234	Frank Oz	http://dbpedia.org/resource/Frank_Oz
235	Franklin J. Schaffner	http://dbpedia.org/resource/Franklin_J._Schaffner
236	Fred Wolf	http://dbpedia.org/resource/Fred_Wolf_(animator)
238	Gabriele Muccino	http://dbpedia.org/resource/Gabriele_Muccino
239	Gareth Edwards	http://dbpedia.org/resource/Gareth_Edwards
240	Garry Marshall	http://dbpedia.org/resource/Garry_Marshall
241	Garth Jennings	http://dbpedia.org/resource/Hammer_&_Tongs
242	Gary Fleder	http://dbpedia.org/resource/Gary_Fleder
243	Gary McKendry	http://dbpedia.org/resource/Gary_McKendry
244	Gary Ross	http://dbpedia.org/resource/Gary_Ross
245	Gary Trousdale	http://dbpedia.org/resource/Gary_Trousdale
246	Gary Winick	http://dbpedia.org/resource/Gary_Winick
248	Gavin Hood	http://dbpedia.org/resource/Gavin_Hood
251	Gela Babluani	http://dbpedia.org/resource/G%C3%A9la_Babluani
252	George A. Romero	http://dbpedia.org/resource/George_A._Romero
253	George Clooney	http://dbpedia.org/resource/George_Clooney
254	George Gallo	http://dbpedia.org/resource/George_Gallo
255	George Lucas	http://dbpedia.org/resource/George_Lucas
256	George Miller	http://dbpedia.org/resource/George_Miller_(filmmaker)
257	George Nolfi	http://dbpedia.org/resource/George_Nolfi
259	George Roy Hill	http://dbpedia.org/resource/George_Roy_Hill
260	George Sidney	http://dbpedia.org/resource/George_Sidney
261	George Tillman, Jr.	http://dbpedia.org/resource/George_Tillman,_Jr.
263	Gerry Lively	http://dbpedia.org/resource/Gerry_Lively
264	Gillies MacKinnon	http://dbpedia.org/resource/Gillies_MacKinnon
266	Giovanni Veronesi	http://dbpedia.org/resource/Giovanni_Veronesi
267	Glenn Ficarra	http://dbpedia.org/resource/Glenn_Ficarra
268	Glenn Jordan	http://dbpedia.org/resource/Glenn_Jordan
270	Gore Verbinski	http://dbpedia.org/resource/Gore_Verbinski
271	Grant Harvey	http://dbpedia.org/resource/Grant_Harvey
272	Grant Heslov	http://dbpedia.org/resource/Grant_Heslov
273	Greg Berlanti	http://dbpedia.org/resource/Greg_Berlanti
274	Greg Mottola	http://dbpedia.org/resource/Greg_Mottola
275	Gregg Araki	http://dbpedia.org/resource/Gregg_Araki
276	Gregor Jordan	http://dbpedia.org/resource/Gregor_Jordan
277	Gregory Hoblit	http://dbpedia.org/resource/Gregory_Hoblit
279	Guillermo del Toro	http://dbpedia.org/resource/Guillermo_del_Toro
280	Gus Van Sant	http://dbpedia.org/resource/Gus_Van_Sant
281	Gustave de Kervern	http://dbpedia.org/resource/Gustave_de_Kervern
282	Guy Hamilton	http://dbpedia.org/resource/Guy_Hamilton
283	Guy Ritchie	http://dbpedia.org/resource/Guy_Ritchie
285	Helen Shaver	http://dbpedia.org/resource/Helen_Shaver
286	Henry Crum	http://dbpedia.org/resource/Henry_Crumpe
287	Henry Selick	http://dbpedia.org/resource/Henry_Selick
288	Herbert Ross	http://dbpedia.org/resource/Herbert_Ross
289	Howard Deutch	http://dbpedia.org/resource/Howard_Deutch
291	Hu Mei	http://dbpedia.org/resource/Hu_Mei
292	Hugh Wilson	http://dbpedia.org/resource/Hugh_Wilson_(director)
293	Iain Softley	http://dbpedia.org/resource/Iain_Softley
294	Irvin Kershner	http://dbpedia.org/resource/Irvin_Kershner
296	Ivan Reitman	http://dbpedia.org/resource/Ivan_Reitman
298	J. B. Rogers	http://dbpedia.org/resource/J._B._Rogers
299	J. J. Abrams	http://dbpedia.org/resource/J._J._Abrams
300	J. S. Cardone	http://dbpedia.org/resource/J._S._Cardone
302	Jacques Audiard	http://dbpedia.org/resource/Jacques_Audiard
303	Jacques Perrin	http://dbpedia.org/resource/Jacques_Perrin
304	Jake Kasdan	http://dbpedia.org/resource/Jake_Kasdan
305	James Allen	http://dbpedia.org/resource/James_Allen_(journalist)
306	James Bobin	http://dbpedia.org/resource/James_Bobin
307	James Cameron	http://dbpedia.org/resource/James_Cameron
308	James Cox	http://dbpedia.org/resource/James_Cox_Aikins
309	James Gray	http://dbpedia.org/resource/James_Gray_(film_director)
310	James Isaac	http://dbpedia.org/resource/James_Isaac
311	James L. Brooks	http://dbpedia.org/resource/James_L._Brooks
312	James Mangold	http://dbpedia.org/resource/James_Mangold
313	James McTeigue	http://dbpedia.org/resource/James_McTeigue
314	James Wan	http://dbpedia.org/resource/James_Wan
315	James Watkins	http://dbpedia.org/resource/James_Watkins_(director)
316	Jamin Winans	http://dbpedia.org/resource/Jamin_Winans
317	Janez Burger	http://dbpedia.org/resource/Janez_Burger
319	Jannicke Systad Jacobsen	http://dbpedia.org/resource/Jannicke_Systad_Jacobsen
320	Jared Hess	http://dbpedia.org/resource/Jared_Hess_(fighter)
321	Jasmine Dellal	http://dbpedia.org/resource/Jasmine_Dellal
322	Jason Friedberg	http://dbpedia.org/resource/Jason_Friedberg_and_Aaron_Seltzer
323	Jason Reitman	http://dbpedia.org/resource/Jason_Reitman
324	Jason Winer	http://dbpedia.org/resource/Jason_Winer
326	Jaume Collet-Serra	http://dbpedia.org/resource/Jaume_Collet-Serra
327	Jay Duplass	http://dbpedia.org/resource/Jay_Duplass
328	Jay Roach	http://dbpedia.org/resource/Jay_Roach
330	Jean-Pierre Jeunet	http://dbpedia.org/resource/Jean-Pierre_Jeunet
331	Jeannot Szwarc	http://dbpedia.org/resource/Jeannot_Szwarc
333	Jeff Nichols	http://dbpedia.org/resource/Jeff_Nichols
334	Jeff Stilson	http://dbpedia.org/resource/Jeff_Stilson
335	Jeff Tremaine	http://dbpedia.org/resource/Jeff_Tremaine
337	Jennifer Lynch	http://dbpedia.org/resource/Jennifer_Lynch
338	Jennifer Yuh Nelson	http://dbpedia.org/resource/Jennifer_Yuh_Nelson
339	Jeremy Leven	http://dbpedia.org/resource/Jeremy_Leven
341	Jesse Dylan	http://dbpedia.org/resource/Jesse_Dylan
342	Jesse Peretz	http://dbpedia.org/resource/Jesse_Peretz
343	Jez Butterworth	http://dbpedia.org/resource/Jez_Butterworth
344	Jieho Lee	http://dbpedia.org/resource/Jieho_Lee
345	Jim Abrahams	http://dbpedia.org/resource/Jim_Abrahams
346	Jim Field Smith	http://dbpedia.org/resource/Jim_Field_Smith
347	Jim Jarmusch	http://dbpedia.org/resource/Jim_Jarmusch
348	Jimmy Hayward	http://dbpedia.org/resource/Jimmy_Hayward
351	Joanna Kerns	http://dbpedia.org/resource/Joanna_Kerns
352	Jocelyn Moorhouse	http://dbpedia.org/resource/Jocelyn_Moorhouse
353	Jodie Foster	http://dbpedia.org/resource/Jodie_Foster
354	Joe Carnahan	http://dbpedia.org/resource/Joe_Carnahan
355	Joe Johnston	http://dbpedia.org/resource/Joe_Johnston
356	Joe Wright	http://dbpedia.org/resource/Joe_Wright
358	Joel Hopkins	http://dbpedia.org/resource/Joel_Hopkins
359	Joel Schumacher	http://dbpedia.org/resource/Joel_Schumacher
360	John Badham	http://dbpedia.org/resource/John_Badham
361	John Boorman	http://dbpedia.org/resource/John_Boorman
362	John Cameron Mitchell	http://dbpedia.org/resource/John_Cameron_Mitchell
363	John Carpenter	http://dbpedia.org/resource/John_Carpenter
364	John Crowley	http://dbpedia.org/resource/John_Crowley
365	John Curran	http://dbpedia.org/resource/John_Curran_(director)
366	John Erick Dowdle	http://dbpedia.org/resource/John_Erick_Dowdle
367	John Frankenheimer	http://dbpedia.org/resource/John_Frankenheimer
368	John Gray	http://dbpedia.org/resource/John_Gray_(poet)
369	John Hamburg	http://dbpedia.org/resource/John_Hamburg
371	John Hillcoat	http://dbpedia.org/resource/John_Hillcoat
372	John Hughes	http://dbpedia.org/resource/John_Hughes_(filmmaker)
373	John Huston	http://dbpedia.org/resource/John_Huston
374	John Irvin	http://dbpedia.org/resource/John_Irvin
375	John Korty	http://dbpedia.org/resource/John_Korty
376	John Landis	http://dbpedia.org/resource/John_Landis
377	John Lasseter	http://dbpedia.org/resource/John_Lasseter
378	John Lee Hancock	http://dbpedia.org/resource/John_Lee_Hancock
379	John Luessenhop	http://dbpedia.org/resource/John_Luessenhop
380	John Lyde	http://dbpedia.org/resource/John_Lyde_Wilson
381	John Maybury	http://dbpedia.org/resource/John_Maybury
382	John McNaughton	http://dbpedia.org/resource/John_McNaughton
383	John McTiernan	http://dbpedia.org/resource/John_McTiernan
384	John Michael McDonagh	http://dbpedia.org/resource/John_Michael_McDonagh
385	John Milius	http://dbpedia.org/resource/John_Milius
386	John Patrick Shanley	http://dbpedia.org/resource/John_Patrick_Shanley
387	John Schlesinger	http://dbpedia.org/resource/John_Schlesinger
388	John Singleton	http://dbpedia.org/resource/John_Singleton
389	John Strickland	http://dbpedia.org/resource/John_Strickland
390	John Sturges	http://dbpedia.org/resource/John_Sturges
391	John Waters	http://dbpedia.org/resource/John_Waters
393	John Woo	http://dbpedia.org/resource/John_Woo_(musician)
394	Jon Amiel	http://dbpedia.org/resource/Jon_Amiel
395	Jon Avnet	http://dbpedia.org/resource/Jon_Avnet
396	Jon Favreau	http://dbpedia.org/resource/Jon_Favreau
397	Jon Turteltaub	http://dbpedia.org/resource/Jon_Turteltaub
398	Jonas Elmer	http://dbpedia.org/resource/Jonas_Elmer
399	Jonas Pate	http://dbpedia.org/resource/Jonas_Pate
400	Jonathan Dayton	http://dbpedia.org/resource/Jonathan_Dayton
401	Jonathan Demme	http://dbpedia.org/resource/Jonathan_Demme
402	Jonathan Frakes	http://dbpedia.org/resource/Jonathan_Frakes
403	Jonathan Glazer	http://dbpedia.org/resource/Jonathan_Glazer
404	Jonathan Hensleigh	http://dbpedia.org/resource/Jonathan_Hensleigh
405	Jonathan Kaplan	http://dbpedia.org/resource/Jonathan_Kaplan
406	Jonathan Levine	http://dbpedia.org/resource/Jonathan_Levine
407	Jonathan Liebesman	http://dbpedia.org/resource/Jonathan_Liebesman
408	Jonathan Lynn	http://dbpedia.org/resource/Jonathan_Lynn
409	Jonathan Mostow	http://dbpedia.org/resource/Jonathan_Mostow
410	Jorma Taccone	http://dbpedia.org/resource/Jorma_Taccone
411	Joseph Kosinski	http://dbpedia.org/resource/Joseph_Kosinski
412	Josh Gordon	http://dbpedia.org/resource/Josh_Gordon
413	Josh Radnor	http://dbpedia.org/resource/Josh_Radnor
414	Josh Trank	http://dbpedia.org/resource/Josh_Trank
415	Joshua Seftel	http://dbpedia.org/resource/Joshua_Seftel
416	Joss Whedon	http://dbpedia.org/resource/Joss_Whedon
419	Judd Apatow	http://dbpedia.org/resource/Judd_Apatow
421	Julian Schnabel	http://dbpedia.org/resource/Julian_Schnabel
422	Julie Anne Robinson	http://dbpedia.org/resource/Julie_Anne_Robinson
423	Julio Medem	http://dbpedia.org/resource/Julio_Medem
424	Juliusz Machulski	http://dbpedia.org/resource/Juliusz_Machulski
425	Justin Lin	http://dbpedia.org/resource/Justin_Lin
427	Karel Reisz	http://dbpedia.org/resource/Karel_Reisz
428	Karyn Kusama	http://dbpedia.org/resource/Karyn_Kusama
429	Keenen Ivory Wayans	http://dbpedia.org/resource/Keenen_Ivory_Wayans
430	Ken Hughes	http://dbpedia.org/resource/Ken_Hughes
431	Ken Kwapis	http://dbpedia.org/resource/Ken_Kwapis
432	Kenneth Branagh	http://dbpedia.org/resource/Kenneth_Branagh
433	Kevin Greutert	http://dbpedia.org/resource/Kevin_Greutert
434	Kevin Heffernan	http://dbpedia.org/resource/Kevin_Heffernan_(actor)
435	Kevin MacDonald	http://dbpedia.org/resource/Kevin_Macdonald_(director)
436	Kevin Macdonald	http://dbpedia.org/resource/Kevin_Macdonald_(director)
437	Kevin Munroe	http://dbpedia.org/resource/Kevin_Munroe
438	Kevin Reynolds	http://dbpedia.org/resource/Kevin_Reynolds_(director)
439	Kevin Smith	http://dbpedia.org/resource/Kevin_Smith_(musician)
440	Kirk Jones	http://dbpedia.org/resource/Kirk_Jones_(director)
441	Kirsten Sheridan	http://dbpedia.org/resource/Kirsten_Sheridan
444	Kurt Wimmer	http://dbpedia.org/resource/Kurt_Wimmer
445	Larry Clark	http://dbpedia.org/resource/Larry_Clark
446	Lars von Trier	http://dbpedia.org/resource/Lars_von_Trier
449	Laurent Tirard	http://dbpedia.org/resource/Laurent_Tirard
450	Laurent Tuel	http://dbpedia.org/resource/Laurent_Tuel
452	Lee Tamahori	http://dbpedia.org/resource/Lee_Tamahori
453	Lee Unkrich	http://dbpedia.org/resource/Lee_Unkrich
454	Len Wiseman	http://dbpedia.org/resource/Len_Wiseman
455	Les Mayfield	http://dbpedia.org/resource/Les_Mayfield
456	Liam Lynch	http://dbpedia.org/resource/Liam_Lynch_(Irish_republican)
458	Liev Schreiber	http://dbpedia.org/resource/Liev_Schreiber
459	Lisa Cholodenko	http://dbpedia.org/resource/Lisa_Cholodenko
461	Lone Scherfig	http://dbpedia.org/resource/Lone_Scherfig
462	Lou Antonio	http://dbpedia.org/resource/Lou_Antonio
463	Louie Psihoyos	http://dbpedia.org/resource/Louie_Psihoyos
464	Louis C.K.	http://dbpedia.org/resource/Louis_C.K.
465	Louis Leterrier	http://dbpedia.org/resource/Louis_Leterrier
466	Louis Malle	http://dbpedia.org/resource/Louis_Malle
467	Luc Besson	http://dbpedia.org/resource/Luc_Besson
469	Luis Mandoki	http://dbpedia.org/resource/Luis_Mandoki
470	Luke Greenfield	http://dbpedia.org/resource/Luke_Greenfield
471	M. Night Shyamalan	http://dbpedia.org/resource/M._Night_Shyamalan
473	Malcolm D. Lee	http://dbpedia.org/resource/Malcolm_D._Lee
474	Mamoru Oshii	http://dbpedia.org/resource/Mamoru_Oshii
476	Marc Evans	http://dbpedia.org/resource/Marc_Evans
477	Marc Forster	http://dbpedia.org/resource/Marc_Forster
478	Marc Webb	http://dbpedia.org/resource/Marc_Webb
479	Marjane Satrapi	http://dbpedia.org/resource/Marjane_Satrapi
481	Mark Griffiths	http://dbpedia.org/resource/Mark_Griffiths
482	Mark Mylod	http://dbpedia.org/resource/Mark_Mylod
483	Mark Romanek	http://dbpedia.org/resource/Mark_Romanek
484	Mark Rosman	http://dbpedia.org/resource/Mark_Rosman
485	Mark Steven Johnson	http://dbpedia.org/resource/Mark_Steven_Johnson
486	Mark Waters	http://dbpedia.org/resource/Mark_Waters_(director)
487	Martha Coolidge	http://dbpedia.org/resource/Martha_Coolidge
488	Martin Campbell	http://dbpedia.org/resource/Martin_Campbell
489	Martin Hynes	http://dbpedia.org/resource/Martin_Hynes
490	Martin Scorsese	http://dbpedia.org/resource/Martin_Scorsese
491	Mary Harron	http://dbpedia.org/resource/Mary_Harron
492	Massy Tadjedin	http://dbpedia.org/resource/Massy_Tadjedin
493	Mathieu Kassovitz	http://dbpedia.org/resource/Mathieu_Kassovitz
496	Matthew Chapman	http://dbpedia.org/resource/Matthew_Chapman_(author)
497	Matthew Vaughn	http://dbpedia.org/resource/Matthew_Vaughn
498	McG	http://dbpedia.org/resource/McG
499	Mel Gibson	http://dbpedia.org/resource/Mel_Gibson
500	Mel Stuart	http://dbpedia.org/resource/Mel_Stuart
502	Michael Apted	http://dbpedia.org/resource/Michael_Apted
503	Michael Bay	http://dbpedia.org/resource/Michael_Bay
504	Michael Brandt	http://dbpedia.org/resource/Michael_Brandt
505	Michael Corrente	http://dbpedia.org/resource/Michael_Corrente
506	Michael Cristofer	http://dbpedia.org/resource/Michael_Cristofer
507	Michael Curtiz	http://dbpedia.org/resource/Michael_Curtiz
508	Michael Davis	http://dbpedia.org/resource/Michael_Davis_(juggler)
509	Michael Dowse	http://dbpedia.org/resource/Michael_Dowse
510	Michael Glawogger	http://dbpedia.org/resource/Michael_Glawogger
511	Michael Hamm	http://dbpedia.org/resource/Michael_Martin_Hammer
512	Michael Herbig	http://dbpedia.org/resource/Michael_Herbig
513	Michael Hoffman	http://dbpedia.org/resource/Michael_Hoffman_(American_director)
514	Michael Ian Black	http://dbpedia.org/resource/Michael_Ian_Black
515	Michael J. Bassett	http://dbpedia.org/resource/Michael_J._Bassett
516	Michael Lehmann	http://dbpedia.org/resource/Michael_Lehmann
517	Michael Mak	http://dbpedia.org/resource/Michael_Mak
518	Michael Mann	http://dbpedia.org/resource/Michael_Mann_(director)
520	Michael Moore	http://dbpedia.org/resource/Michael_Moore
521	Michael Patrick King	http://dbpedia.org/resource/Michael_Patrick_King
524	Michel Gondry	http://dbpedia.org/resource/Michel_Gondry
525	Michel Hazanavicius	http://dbpedia.org/resource/Michel_Hazanavicius
526	Mick Jackson	http://dbpedia.org/resource/Mick_Jackson_(director)
527	Miguel Arteta	http://dbpedia.org/resource/Miguel_Arteta
530	Mike Barker	http://dbpedia.org/resource/Mike_Barker_(producer)
531	Mike Binder	http://dbpedia.org/resource/Mike_Binder
532	Mike Cahill	http://dbpedia.org/resource/Mike_Cahill
533	Mike Gabriel	http://dbpedia.org/resource/Mike_Gabriel
534	Mike Hodges	http://dbpedia.org/resource/Mike_Hodges
535	Mike Judge	http://dbpedia.org/resource/Mike_Judge
536	Mike Leigh	http://dbpedia.org/resource/Mike_Leigh
537	Mike Mitchell	http://dbpedia.org/resource/Mike_Mitchell_(basketball,_born_1956)
538	Mike Newell	http://dbpedia.org/resource/Mike_Newell_(footballer)
539	Mike Nichols	http://dbpedia.org/resource/Mike_Nichols
542	Mimi Leder	http://dbpedia.org/resource/Mimi_Leder
544	Mitchell Lichtenstein	http://dbpedia.org/resource/Mitchell_Lichtenstein
545	Nancy Meyers	http://dbpedia.org/resource/Nancy_Meyers
546	Nanette Burstein	http://dbpedia.org/resource/Nanette_Burstein
547	Neil Burger	http://dbpedia.org/resource/Neil_Burger
548	Neil Jordan	http://dbpedia.org/resource/Neil_Jordan
549	Neil Marshall	http://dbpedia.org/resource/Neil_Marshall
550	Neill Blomkamp	http://dbpedia.org/resource/Neill_Blomkamp
552	Neveldine/Taylor	http://dbpedia.org/resource/Neveldine/Taylor
553	Nia Vardalos	http://dbpedia.org/resource/Nia_Vardalos
554	Nicholas Meyer	http://dbpedia.org/resource/Nicholas_Meyer
555	Nicholas Ray	http://dbpedia.org/resource/Nicholas_Ray
556	Nicholas Stoller	http://dbpedia.org/resource/Nicholas_Stoller
557	Nick Cassavetes	http://dbpedia.org/resource/Nick_Cassavetes
558	Nick Park	http://dbpedia.org/resource/Nick_Park
559	Nicolas Roeg	http://dbpedia.org/resource/Nicolas_Roeg
560	Nicolas Winding Refn	http://dbpedia.org/resource/Nicolas_Winding_Refn
561	Niels Arden Oplev	http://dbpedia.org/resource/Niels_Arden_Oplev
562	Nigel Cole	http://dbpedia.org/resource/Nigel_Cole
564	Nima Nourizadeh	http://dbpedia.org/resource/Nima_Nourizadeh
567	Noah Baumbach	http://dbpedia.org/resource/Noah_Baumbach
568	Nora Ephron	http://dbpedia.org/resource/Nora_Ephron
569	Norman Jewison	http://dbpedia.org/resource/Norman_Jewison
570	Oliver Parker	http://dbpedia.org/resource/Oliver_Parker
571	Oliver Stone	http://dbpedia.org/resource/Oliver_Stone
572	Olivier Megaton	http://dbpedia.org/resource/Olivier_Megaton
574	Oren Moverman	http://dbpedia.org/resource/Oren_Moverman
575	Oren Peli	http://dbpedia.org/resource/Oren_Peli
576	Paddy Considine	http://dbpedia.org/resource/Paddy_Considine
578	Patrick Lussier	http://dbpedia.org/resource/Patrick_Lussier
579	Patrick Tatopoulos	http://dbpedia.org/resource/Patrick_Tatopoulos
581	Paul Feig	http://dbpedia.org/resource/Paul_Feig
582	Paul Fox	http://dbpedia.org/resource/Paul_Fox_(musician)
583	Paul Greengrass	http://dbpedia.org/resource/Paul_Greengrass
584	Paul Haggis	http://dbpedia.org/resource/Paul_Haggis
585	Paul Mayeda Berges	http://dbpedia.org/resource/Paul_Mayeda_Berges
586	Paul McGuigan	http://dbpedia.org/resource/Paul_McGuigan_(musician)
587	Paul Scheuring	http://dbpedia.org/resource/Paul_Scheuring
588	Paul Thomas Anderson	http://dbpedia.org/resource/Paul_Thomas_Anderson
589	Paul Verhoeven	http://dbpedia.org/resource/Paul_Verhoeven
590	Paul W. S. Anderson	http://dbpedia.org/resource/Paul_W._S._Anderson
591	Paul Weitz	http://dbpedia.org/resource/Paul_J._Weitz
592	Paulo Morelli	http://dbpedia.org/resource/Paulo_Morelli
595	Pete Docter	http://dbpedia.org/resource/Pete_Docter
596	Peter Berg	http://dbpedia.org/resource/Peter_Berg
597	Peter Chan	http://dbpedia.org/resource/Peter_Chan
598	Peter Chelsom	http://dbpedia.org/resource/Peter_Chelsom
599	Peter Collinson	http://dbpedia.org/resource/Peter_Collinson_(film_director)
600	Peter Farrelly	http://dbpedia.org/resource/Peter_Farrelly
601	Peter Flinth	http://dbpedia.org/resource/Peter_Flinth
602	Peter Greenaway	http://dbpedia.org/resource/Peter_Greenaway
603	Peter Hewitt	http://dbpedia.org/resource/Peter_Hewitt_(director)
604	Peter Howitt	http://dbpedia.org/resource/Peter_Howitt
605	Peter Hyams	http://dbpedia.org/resource/Peter_Hyams
606	Peter Jackson	http://dbpedia.org/resource/Peter_Jackson
607	Peter Joseph	http://dbpedia.org/resource/Peter_Joseph
608	Peter Segal	http://dbpedia.org/resource/Peter_Segal
609	Peter Stebbings	http://dbpedia.org/resource/Peter_Stebbings
610	Peter Weir	http://dbpedia.org/resource/Peter_Weir
611	Peter Yates	http://dbpedia.org/resource/Peter_Yates
612	Peyton Reed	http://dbpedia.org/resource/Peyton_Reed
614	Phil Morrison	http://dbpedia.org/resource/Phil_Morrison_(yachts)
615	Phil Traill	http://dbpedia.org/resource/Phil_Traill
616	Philip Kaufman	http://dbpedia.org/resource/Philip_Kaufman
617	Phillip Borsos	http://dbpedia.org/resource/Phillip_Borsos
618	Phillip Noyce	http://dbpedia.org/resource/Phillip_Noyce
619	Phyllida Lloyd	http://dbpedia.org/resource/Phyllida_Lloyd
621	Pierre Coffin	http://dbpedia.org/resource/Pierre_Coffin
622	Pierre Morel	http://dbpedia.org/resource/Pierre_Morel
623	Pitof	http://dbpedia.org/resource/Pitof
624	Quentin Tarantino	http://dbpedia.org/resource/Quentin_Tarantino
626	Radu Mihaileanu	http://dbpedia.org/resource/Radu_Mih%C4%83ileanu
627	Raja Gosnell	http://dbpedia.org/resource/Raja_Gosnell
629	Rajkumar Hirani	http://dbpedia.org/resource/Rajkumar_Hirani
630	Randall Wallace	http://dbpedia.org/resource/Randall_Wallace
631	Raymond De Felitta	http://dbpedia.org/resource/Raymond_De_Felitta
632	Renny Harlin	http://dbpedia.org/resource/Renny_Harlin
633	Rian Johnson	http://dbpedia.org/resource/Rian_Johnson
634	Richard Berry	http://dbpedia.org/resource/Richard_Berry_(musician)
635	Richard Curtis	http://dbpedia.org/resource/Richard_Curtis
636	Richard Donner	http://dbpedia.org/resource/Richard_Donner
637	Richard Eyre	http://dbpedia.org/resource/Richard_Eyre
638	Richard Gray	http://dbpedia.org/resource/Richard_Gray_(game_designer)
639	Richard Kelly	http://dbpedia.org/resource/Richard_Kelly_(director)
640	Richard LaGravenese	http://dbpedia.org/resource/Richard_LaGravenese
641	Richard Lester	http://dbpedia.org/resource/Richard_Lester
642	Richard Linklater	http://dbpedia.org/resource/Richard_Linklater
643	Richard Loncraine	http://dbpedia.org/resource/Richard_Loncraine
644	Richard Schenkman	http://dbpedia.org/resource/Richard_Schenkman
645	Richard Shepard	http://dbpedia.org/resource/Richard_Shepard
646	Richard Stanley	http://dbpedia.org/resource/Richard_Stanley_(film_director)
647	Richard Williams	http://dbpedia.org/resource/Richard_Williams_(tennis_coach)
649	Ricky Gervais	http://dbpedia.org/resource/Ricky_Gervais
650	Ridley Scott	http://dbpedia.org/resource/Ridley_Scott
652	Rob Bowman	http://dbpedia.org/resource/Rob_Bowman_(director)
653	Rob Letterman	http://dbpedia.org/resource/Rob_Letterman
654	Rob Marshall	http://dbpedia.org/resource/Rob_Marshall
655	Rob McKittrick	http://dbpedia.org/resource/Rob_McKittrick
656	Rob Minkoff	http://dbpedia.org/resource/Rob_Minkoff
657	Rob Reiner	http://dbpedia.org/resource/Rob_Reiner
658	Rob Stefaniuk	http://dbpedia.org/resource/Rob_Stefaniuk
659	Rob Zombie	http://dbpedia.org/resource/Rob_Zombie
660	Robert Aldrich	http://dbpedia.org/resource/Robert_Aldrich
661	Robert Altman	http://dbpedia.org/resource/Robert_Altman
662	Robert Kenner	http://dbpedia.org/resource/Robert_Kenner
663	Robert Luketic	http://dbpedia.org/resource/Robert_Luketic
664	Robert Mandel	http://dbpedia.org/resource/Robert_Mandel
665	Robert Redford	http://dbpedia.org/resource/Robert_Redford
666	Robert Rodriguez	http://dbpedia.org/resource/Robert_Rodriguez
667	Robert Schwentke	http://dbpedia.org/resource/Robert_Schwentke
668	Robert Stevenson	http://dbpedia.org/resource/Robert_Stevenson_(director)
669	Robert Zemeckis	http://dbpedia.org/resource/Robert_Zemeckis
670	Roberto Benigni	http://dbpedia.org/resource/Roberto_Benigni
671	Rod Lurie	http://dbpedia.org/resource/Rod_Lurie
674	Roel Reine	http://dbpedia.org/resource/Roel_Rein%C3%A9
675	Roger Avary	http://dbpedia.org/resource/Roger_Avary
676	Roger Donaldson	http://dbpedia.org/resource/Roger_Donaldson
677	Roger Michell	http://dbpedia.org/resource/Roger_Michell
678	Roger Vadim	http://dbpedia.org/resource/Roger_Vadim
679	Roger Young	http://dbpedia.org/resource/Roger_Young_(director)
680	Roland Emmerich	http://dbpedia.org/resource/Roland_Emmerich
681	Roman Polanski	http://dbpedia.org/resource/Roman_Polanski
682	Ron Clements	http://dbpedia.org/resource/Ron_Clements
683	Ron Howard	http://dbpedia.org/resource/Ron_Howard
684	Ron Shelton	http://dbpedia.org/resource/Ron_Shelton
685	Ronny Yu	http://dbpedia.org/resource/Ronny_Yu
686	Ruben Fleischer	http://dbpedia.org/resource/Ruben_Fleischer
688	Rupert Wyatt	http://dbpedia.org/resource/Rupert_Wyatt
689	Russell Mulcahy	http://dbpedia.org/resource/Russell_Mulcahy
690	Ryan Little	http://dbpedia.org/resource/Ryan_Little
691	Ryan Murphy	http://dbpedia.org/resource/Ryan_Murphy_(writer)
692	Sally Potter	http://dbpedia.org/resource/Sally_Potter
693	Samuel Maoz	http://dbpedia.org/resource/Samuel_Maoz
694	Sanaa Hamri	http://dbpedia.org/resource/Sanaa_Hamri
695	Scott Hicks	http://dbpedia.org/resource/Scott_Hicks
696	Scott Mann	http://dbpedia.org/resource/Scott_Mann
697	Scott Stewart	http://dbpedia.org/resource/Scott_Stewart_(director)
698	Sean Ellis	http://dbpedia.org/resource/Sean_Ellis
699	Sean S. Cunningham	http://dbpedia.org/resource/Sean_S._Cunningham
701	Sergio Corbucci	http://dbpedia.org/resource/Sergio_Corbucci
702	Sergio Leone	http://dbpedia.org/resource/Sergio_Leone
703	Sergio Sollima	http://dbpedia.org/resource/Sergio_Sollima
704	Seth Gordon	http://dbpedia.org/resource/Seth_Gordon
705	Shane Acker	http://dbpedia.org/resource/Shane_Acker
706	Shane Black	http://dbpedia.org/resource/Shane_Black
707	Shawn Levy	http://dbpedia.org/resource/Shawn_Levy
708	Shekhar Kapur	http://dbpedia.org/resource/Shekhar_Kapur
709	Shinsuke Sato	http://dbpedia.org/resource/Shinsuke_Sato
710	Sidney Lumet	http://dbpedia.org/resource/Sidney_Lumet
711	Simon Curtis	http://dbpedia.org/resource/Simon_Curtis_(filmmaker)
712	Simon Wells	http://dbpedia.org/resource/Simon_Wells
713	Simon West	http://dbpedia.org/resource/Simon_West
716	Sofia Coppola	http://dbpedia.org/resource/Sofia_Coppola
717	Sophie Barthes	http://dbpedia.org/resource/Sophie_Barthes
718	Spike Jonze	http://dbpedia.org/resource/Spike_Jonze
719	Spike Lee	http://dbpedia.org/resource/Spike_Lee
722	Stanley Donen	http://dbpedia.org/resource/Stanley_Donen
723	Stanley Kubrick	http://dbpedia.org/resource/Stanley_Kubrick
724	Stefen Fangmeier	http://dbpedia.org/resource/Stefen_Fangmeier
725	Stephen Herek	http://dbpedia.org/resource/Stephen_Herek
726	Stephen Hillenburg	http://dbpedia.org/resource/Stephen_Hillenburg
727	Stephen King	http://dbpedia.org/resource/Stephen_King
728	Stephen Norrington	http://dbpedia.org/resource/Stephen_Norrington
729	Stephen Sommers	http://dbpedia.org/resource/Stephen_Sommers
730	Sterling Van Wagenen	http://dbpedia.org/resource/Sterling_Van_Wagenen
731	Steve Antin	http://dbpedia.org/resource/Steve_Antin
732	Steve Bendelack	http://dbpedia.org/resource/Steve_Bendelack
733	Steve Oedekerk	http://dbpedia.org/resource/Steve_Oedekerk
734	Steve Pink	http://dbpedia.org/resource/Steve_Pink
735	Steve Rash	http://dbpedia.org/resource/Steve_Rash
736	Steven Antin	http://dbpedia.org/resource/Steve_Antin
737	Steven Lisberger	http://dbpedia.org/resource/Steven_Lisberger
738	Steven R. Monroe	http://dbpedia.org/resource/Steven_R._Monroe
739	Steven Shainberg	http://dbpedia.org/resource/Steven_Shainberg
740	Steven Soderbergh	http://dbpedia.org/resource/Steven_Soderbergh
741	Steven Spielberg	http://dbpedia.org/resource/Steven_Spielberg
742	Stewart Hendler	http://dbpedia.org/resource/Stewart_Hendler
743	Stuart Baird	http://dbpedia.org/resource/Stuart_Baird
744	Stuart Beattie	http://dbpedia.org/resource/Stuart_Beattie
745	Stuart Gillard	http://dbpedia.org/resource/Stuart_Gillard
746	Sturla Gunnarsson	http://dbpedia.org/resource/Sturla_Gunnarsson
747	Sydney Pollack	http://dbpedia.org/resource/Sydney_Pollack
748	Sylvain Chomet	http://dbpedia.org/resource/Sylvain_Chomet
749	Sylvain White	http://dbpedia.org/resource/Sylvain_White
750	Sylvester Stallone	http://dbpedia.org/resource/Sylvester_Stallone
751	Takeshi Kitano	http://dbpedia.org/resource/Takeshi_Kitano
752	Tarsem Singh	http://dbpedia.org/resource/Tarsem_Singh
753	Tate Taylor	http://dbpedia.org/resource/Tate_Taylor
755	Terrence Malick	http://dbpedia.org/resource/Terrence_Malick
756	Terry Gilliam	http://dbpedia.org/resource/Terry_Gilliam
758	The Malloys	http://dbpedia.org/resource/The_Malloys
759	Thor Freudenthal	http://dbpedia.org/resource/Thor_Freudenthal
760	Til Schweiger	http://dbpedia.org/resource/Til_Schweiger
761	Tim Allen	http://dbpedia.org/resource/Tim_Allen
762	Tim Blake Nelson	http://dbpedia.org/resource/Tim_Blake_Nelson
763	Tim Burton	http://dbpedia.org/resource/Tim_Burton_(musician)
764	Tim McCanlies	http://dbpedia.org/resource/Tim_McCanlies
765	Tim Story	http://dbpedia.org/resource/Tim_Story
766	Timo Vuorensola	http://dbpedia.org/resource/Timo_Vuorensola
767	Tizza Covi	http://dbpedia.org/resource/Tizza_Covi
768	Todd Field	http://dbpedia.org/resource/Todd_Field
769	Todd Phillips	http://dbpedia.org/resource/Todd_Phillips_(musician)
770	Todd Solondz	http://dbpedia.org/resource/Todd_Solondz
771	Tom Dey	http://dbpedia.org/resource/Tom_Dey
772	Tom Ford	http://dbpedia.org/resource/Tom_Ford
773	Tom Hooper	http://dbpedia.org/resource/Tom_Hooper_(musician)
774	Tom McGrath	http://dbpedia.org/resource/Tom_McGrath_(animator)
775	Tom Shadyac	http://dbpedia.org/resource/Tom_Shadyac
776	Tom Six	http://dbpedia.org/resource/Tom_Six
777	Tom Tykwer	http://dbpedia.org/resource/Tom_Tykwer
778	Tom Vaughan	http://dbpedia.org/resource/Tom_Vaughan_(actor)
779	Tomas Alfredson	http://dbpedia.org/resource/Tomas_Alfredson
780	Tomm Moore	http://dbpedia.org/resource/Tomm_Moore
781	Tony Bancroft	http://dbpedia.org/resource/Tony_Bancroft
782	Tony Gilroy	http://dbpedia.org/resource/Tony_Gilroy
783	Tony Goldwyn	http://dbpedia.org/resource/Tony_Goldwyn
784	Tony Kaye	http://dbpedia.org/resource/Tony_Kaye_(musician)
786	Tony Scott	http://dbpedia.org/resource/Tony_Scott_(musician)
787	Trey Parker	http://dbpedia.org/resource/Trey_Parker
788	Troy Duffy	http://dbpedia.org/resource/Troy_Duffy
789	Tyler Perry	http://dbpedia.org/resource/Tyler_Perry
791	Victor Fleming	http://dbpedia.org/resource/Victor_Fleming
792	Vincenzo Natali	http://dbpedia.org/resource/Vincenzo_Natali
795	Walt Becker	http://dbpedia.org/resource/Walt_Becker
796	Walter Hill	http://dbpedia.org/resource/Walter_Hill_(director)
797	Wayne Kramer	http://dbpedia.org/resource/Wayne_Kramer_(guitarist)
798	Werner Herzog	http://dbpedia.org/resource/Werner_Herzog
799	Wes Anderson	http://dbpedia.org/resource/Wes_Anderson
800	Will Gluck	http://dbpedia.org/resource/Will_Gluck
801	Willard Carroll	http://dbpedia.org/resource/Willard_Carroll
802	William Friedkin	http://dbpedia.org/resource/William_Friedkin
803	William Kaufman	http://dbpedia.org/resource/William_E._Kaufman
804	William Phillips	http://dbpedia.org/resource/William_Daniel_Phillips
805	William Wyler	http://dbpedia.org/resource/William_Wyler
806	Wilson Yip	http://dbpedia.org/resource/Wilson_Yip
807	Wim Wenders	http://dbpedia.org/resource/Wim_Wenders
808	Wolfgang Petersen	http://dbpedia.org/resource/Wolfgang_Petersen
809	Wolfgang Reitherman	http://dbpedia.org/resource/Wolfgang_Reitherman
810	Woody Allen	http://dbpedia.org/resource/Woody_Allen
811	Xavier Beauvois	http://dbpedia.org/resource/Xavier_Beauvois
812	Yojiro Takita	http://dbpedia.org/resource/Y%C5%8Djir%C5%8D_Takita
813	Zach Braff	http://dbpedia.org/resource/Zach_Braff
814	Zack Snyder	http://dbpedia.org/resource/Zack_Snyder
